CC,Nombre,Apellidos,Telefono
4244515145,Ken,Sánchez,697-555-0142
1118772843,Terri,Duffy,819-555-0175
6627647809,Roberto,Tamburello,212-555-0187
9990075740,Rob,Walters,612-555-0100
11181642072,Gail,Erickson,849-555-0139
13456197747,Jossef,Goldberg,122-555-0189
15730753422,Dylan,Miller,181-555-0156
18005309097,Diane,Margheim,815-555-0138
20279864772,Gigi,Matthew,185-555-0186
22554420448,Michael,Raheem,330-555-2568
24828976123,Ovidiu,Cracium,719-555-0181
27103531798,Thierry,D'Hers,168-555-0183
29378087473,Janice,Galvin,473-555-0117
31652643148,Michael,Sullivan,465-555-0156
33927198823,Sharon,Salavaria,970-555-0138
36201754498,David,Bradley,913-555-0172
38476310173,Kevin,Brown,150-555-0189
40750865848,John,Wood,697-555-0143
43025421523,Mary,Dempsey,819-555-0176
45299977199,Wanida,Benshoof,212-555-0188
47574532874,Terry,Eminhizer,612-555-0101
49849088549,Sariya,Harnpadoungsataya,849-555-0140
52123644224,Mary,Gibson,122-555-0190
54398199899,Jill,Williams,181-555-0157
56672755574,James,Hamilton,815-555-0139
58947311249,Peter,Krebs,185-555-0187
61221866924,Jo,Brown,330-555-2569
63496422599,Guy,Gilbert,719-555-0182
65770978274,Mark,McArthur,168-555-0184
68045533950,Britta,Simon,473-555-0118
70320089625,Margie,Shoop,465-555-0157
72594645300,Rebecca,Laszlo,970-555-0139
74869200975,Annik,Stahl,913-555-0173
77143756650,Suchitra,Mohan,150-555-0190
79418312325,Brandon,Heidepriem,697-555-0144
81692868000,Jose,Lugo,819-555-0177
83967423675,Chris,Okelberry,212-555-0189
86241979350,Kim,Abercrombie,612-555-0102
88516535025,Ed,Dudenhoefer,849-555-0141
90791090701,JoLynn,Dobney,122-555-0191
93065646376,Bryan,Baker,181-555-0158
95340202051,James,Kramer,815-555-0140
97614757726,Nancy,Anderson,185-555-0188
99889313401,Simon,Rapier,330-555-2570
102164000000,Thomas,Michaels,719-555-0183
104438000000,Eugene,Kogan,168-555-0185
106713000000,Andrew,Hill,473-555-0119
108988000000,Ruth,Ellerbrock,465-555-0158
111262000000,Barry,Johnson,970-555-0140
113537000000,Sidney,Higa,913-555-0174
115811000000,Jeffrey,Ford,150-555-0191
118086000000,Doris,Hartwig,697-555-0145
120360000000,Diane,Glimp,819-555-0178
122635000000,Bonnie,Kearney,212-555-0190
124909000000,Taylor,Maxwell,612-555-0103
127184000000,Denise,Smith,849-555-0142
129459000000,Frank,Miller,122-555-0192
131733000000,Kendall,Keil,181-555-0159
134008000000,Bob,Hohman,815-555-0141
136282000000,Pete,Male,185-555-0189
138557000000,Diane,Tibbott,330-555-2571
140831000000,John,Campbell,719-555-0184
143106000000,Maciej,Dusza,168-555-0186
145380000000,Michael,Zwilling,473-555-0120
147655000000,Randy,Reeves,465-555-0159
149930000000,Karan,Khanna,970-555-0141
152204000000,Jay,Adams,913-555-0175
154479000000,Charles,Fitzgerald,150-555-0192
156753000000,Steve,Masters,697-555-0146
159028000000,David,Ortiz,819-555-0179
161302000000,Michael,Ray,212-555-0191
163577000000,Steven,Selikoff,612-555-0104
165851000000,Carole,Poland,849-555-0143
168126000000,Bjorn,Rettig,122-555-0193
170401000000,Michiko,Osada,181-555-0160
172675000000,Carol,Philips,815-555-0142
174950000000,Merav,Netz,185-555-0190
177224000000,Reuben,D'sa,330-555-2572
179499000000,Eric,Brown,719-555-0185
181773000000,Sandeep,Kaliyath,168-555-0187
184048000000,Mihail,Frintu,473-555-0121
186322000000,Jack,Creasey,465-555-0160
188597000000,Patrick,Cook,970-555-0142
190872000000,Frank,Martinez,913-555-0176
193146000000,Brian,Goldstein,150-555-0193
195421000000,Ryan,Cornelsen,697-555-0147
197695000000,Cristian,Petculescu,819-555-0180
199970000000,Betsy,Stadick,212-555-0192
202244000000,Patrick,Wedge,612-555-0105
204519000000,Danielle,Tiedt,849-555-0144
206793000000,Kimberly,Zimmerman,122-555-0194
209068000000,Tom,Vande Velde,181-555-0161
211343000000,Kok-Ho,Loh,815-555-0143
213617000000,Russell,Hunter,185-555-0191
215892000000,Jim,Scardelis,330-555-2573
218166000000,Elizabeth,Keyser,719-555-0186
220441000000,Mandar,Samant,168-555-0188
222715000000,Sameer,Tejani,473-555-0122
224990000000,Nuan,Yu,465-555-0161
227264000000,Lolan,Song,970-555-0143
229539000000,Houman,Pournasseh,913-555-0177
231814000000,Zheng,Mu,150-555-0194
234088000000,Ebru,Ersan,697-555-0148
236363000000,Mary,Baker,819-555-0181
238637000000,Kevin,Homer,212-555-0193
240912000000,John,Kane,612-555-0106
243186000000,Christopher,Hill,849-555-0145
245461000000,Jinghao,Liu,122-555-0195
247735000000,Alice,Ciccu,181-555-0162
250010000000,Jun,Cao,815-555-0144
252285000000,Suroor,Fatima,185-555-0192
254559000000,John,Evans,330-555-2574
256834000000,Linda,Moschell,719-555-0187
259108000000,Mindaugas,Krapauskas,168-555-0189
261383000000,Angela,Barbariol,473-555-0123
263657000000,Michael,Patten,465-555-0162
265932000000,Chad,Niswonger,970-555-0144
268206000000,Don,Hall,913-555-0178
270481000000,Michael,Entin,150-555-0195
272756000000,Kitti,Lertpiriyasuwat,697-555-0149
275030000000,Pilar,Ackerman,819-555-0182
277305000000,Susan,Eaton,212-555-0194
279579000000,Vamsi,Kuppa,612-555-0107
281854000000,Kim,Ralls,849-555-0146
284128000000,Matthias,Berndt,122-555-0196
286403000000,Jimmy,Bischoff,181-555-0163
288677000000,David,Hamilton,815-555-0145
290952000000,Paul,Komosinski,185-555-0193
293227000000,Gary,Yukish,330-555-2575
295501000000,Rob,Caron,719-555-0188
297776000000,Baris,Cetinok,168-555-0190
300050000000,Nicole,Holliday,473-555-0124
302325000000,Michael,Rothkugel,465-555-0163
304599000000,Eric,Gubbels,970-555-0145
306874000000,Ivo,Salmre,913-555-0179
309148000000,Sylvester,Valdez,150-555-0196
311423000000,Anibal,Sousa,697-555-0150
313698000000,Samantha,Smith,819-555-0183
315972000000,Hung-Fu,Ting,212-555-0195
318247000000,Prasanna,Samarawickrama,612-555-0108
320521000000,Min,Su,849-555-0147
322796000000,Olinda,Turner,122-555-0197
325070000000,Krishna,Sunkammurali,181-555-0164
327345000000,Paul,Singh,815-555-0146
329619000000,Cynthia,Randall,185-555-0194
331894000000,Jian Shuo,Wang,330-555-2576
334169000000,Sandra,Reátegui Alayo,719-555-0189
336443000000,Jason,Watters,168-555-0191
338718000000,Andy,Ruth,473-555-0125
340992000000,Michael,Vanderhyde,465-555-0164
343267000000,Rostislav,Shabalin,970-555-0146
345541000000,Yuhong,Li,913-555-0180
347816000000,Hanying,Feng,150-555-0197
350090000000,Raymond,Sam,697-555-0151
352365000000,Fadi,Fakhouri,819-555-0184
354640000000,Lane,Sacksteder,212-555-0196
356914000000,Linda,Randall,612-555-0109
359189000000,Shelley,Dyck,849-555-0148
361463000000,Terrence,Earls,122-555-0198
363738000000,Jeff,Hay,181-555-0165
366012000000,Kirk,Koenigsbauer,815-555-0147
368287000000,Laura,Steele,185-555-0195
370561000000,Alex,Nayberg,330-555-2577
372836000000,Andrew,Cencini,719-555-0190
375111000000,Chris,Preston,168-555-0192
377385000000,Jack,Richins,473-555-0126
379660000000,David,Johnson,465-555-0165
381934000000,Garrett,Young,970-555-0147
384209000000,Susan,Metters,913-555-0181
386483000000,George,Li,150-555-0198
388758000000,David,Yalovsky,697-555-0152
391032000000,Marc,Ingle,819-555-0185
393307000000,Eugene,Zabokritski,212-555-0197
395582000000,Benjamin,Martin,612-555-0110
397856000000,Reed,Koch,849-555-0149
400131000000,David,Lawrence,122-555-0199
402405000000,Russell,King,181-555-0166
404680000000,John,Frum,815-555-0148
406954000000,Jan,Miksovsky,185-555-0196
409229000000,Katie,McAskill-White,330-555-2578
411503000000,Michael,Hines,719-555-0191
413778000000,Nitin,Mirchandani,168-555-0193
416053000000,Barbara,Decker,473-555-0127
418327000000,John,Chen,465-555-0166
420602000000,Stefen,Hesse,970-555-0148
422876000000,Shane,Kim,913-555-0182
425151000000,Yvonne,McKay,150-555-0199
427425000000,Douglas,Hite,697-555-0153
429700000000,Janeth,Esteves,819-555-0186
431974000000,Robert,Rounthwaite,212-555-0198
434249000000,Lionel,Penuchot,612-555-0111
436524000000,Brenda,Diaz,849-555-0150
438798000000,Alejandro,McGuel,122-555-0200
441073000000,Fred,Northup,181-555-0167
443347000000,Kevin,Liu,815-555-0149
445622000000,Shammi,Mohamed,185-555-0197
447896000000,Rajesh,Patel,330-555-2579
450171000000,Lorraine,Nay,719-555-0192
452445000000,Paula,Nartker,168-555-0194
454720000000,Frank,Lee,473-555-0128
456995000000,Brian,Lloyd,465-555-0167
459269000000,Tawana,Nusbaum,970-555-0149
461544000000,Ken,Myer,913-555-0183
463818000000,Gabe,Mares,150-555-0200
466093000000,Lori,Kane,697-555-0154
468367000000,Stuart,Munson,819-555-0187
470642000000,Greg,Alderson,212-555-0199
472916000000,Scott,Gode,612-555-0112
475191000000,Kathie,Flood,849-555-0151
477466000000,Belinda,Newman,122-555-0201
479740000000,Hazem,Abolrous,181-555-0168
482015000000,Peng,Wu,815-555-0150
484289000000,Sootha,Charncherngkha,185-555-0198
486564000000,Andreas,Berglund,330-555-2580
488838000000,Mark,Harrington,719-555-0193
491113000000,Sean,Alexander,168-555-0195
493387000000,Zainal,Arifin,473-555-0129
495662000000,Tengiz,Kharatishvili,465-555-0168
497937000000,Sean,Chai,970-555-0150
500211000000,Karen,Berge,913-555-0184
502486000000,Chris,Norred,150-555-0201
504760000000,A. Scott,Wright,697-555-0155
507035000000,Sairaj,Uddin,819-555-0188
509309000000,William,Vong,212-555-0200
511584000000,Alan,Brewer,612-555-0113
513858000000,Brian,LaMee,849-555-0152
516133000000,Gary,Altman,122-555-0202
518408000000,Christian,Kleinerman,181-555-0169
520682000000,Lori,Penor,815-555-0151
522957000000,Stuart,Macrae,185-555-0199
525231000000,Jo,Berry,330-555-2581
527506000000,Pat,Coleman,719-555-0194
529780000000,Magnus,Hedlund,168-555-0196
532055000000,Laura,Norman,473-555-0130
534329000000,Paula,Barreto de Mattos,465-555-0169
536604000000,Grant,Culbertson,970-555-0151
538879000000,Hao,Chen,913-555-0185
541153000000,Vidur,Luthra,150-555-0202
543428000000,Mindy,Martin,697-555-0156
545702000000,Willis,Johnson,819-555-0189
547977000000,David,Liu,212-555-0201
550251000000,Deborah,Poe,612-555-0114
552526000000,Candy,Spoon,849-555-0153
554800000000,Bryan,Walton,122-555-0203
557075000000,Barbara,Moreland,181-555-0170
559350000000,Dragan,Tomic,815-555-0152
561624000000,Janet,Sheperdigian,185-555-0200
563899000000,Mike,Seamans,330-555-2582
566173000000,Wendy,Kahn,719-555-0195
568448000000,Sheela,Word,168-555-0197
570722000000,Mikael,Sandberg,473-555-0131
572997000000,Arvind,Rao,465-555-0170
575271000000,Linda,Meisner,970-555-0152
577546000000,Fukiko,Ogisu,913-555-0186
579821000000,Gordon,Hee,150-555-0203
582095000000,Frank,Pellow,697-555-0157
584370000000,Eric,Kurjan,819-555-0190
586644000000,Erin,Hagens,212-555-0202
588919000000,Ben,Miller,612-555-0115
591193000000,Annette,Hill,849-555-0154
593468000000,Reinout,Hillmann,122-555-0204
595742000000,David,Barber,181-555-0171
598017000000,Jean,Trenary,815-555-0153
600292000000,Stephanie,Conroy,185-555-0201
602566000000,Ashvini,Sharma,330-555-2583
604841000000,Peter,Connelly,719-555-0196
607115000000,Karen,Berg,168-555-0198
609390000000,Ramesh,Meyyappan,473-555-0132
611664000000,Dan,Bacon,465-555-0171
613939000000,François,Ajenstat,970-555-0153
616213000000,Dan,Wilson,913-555-0187
618488000000,Janaina,Bueno,150-555-0204
620763000000,Brian,Welcker,697-555-0158
623037000000,Stephen,Jiang,819-555-0191
625312000000,Michael,Blythe,212-555-0203
627586000000,Linda,Mitchell,612-555-0116
629861000000,Jillian,Carson,849-555-0155
632135000000,Garrett,Vargas,122-555-0205
634410000000,Tsvi,Reiter,181-555-0172
636684000000,Pamela,Ansman-Wolfe,815-555-0154
638959000000,Shu,Ito,185-555-0202
641234000000,José,Saraiva,330-555-2584
643508000000,David,Campbell,719-555-0197
645783000000,Tete,Mensa-Annan,168-555-0199
648057000000,Syed,Abbas,473-555-0133
650332000000,Lynn,Tsoflias,465-555-0172
652606000000,Amy,Alberts,970-555-0154
654881000000,Rachel,Valdez,913-555-0188
657155000000,Jae,Pak,150-555-0205
659430000000,Ranjit,Varkey Chudukatil,697-555-0159
661705000000,Gustavo,Achong,819-555-0192
663979000000,Catherine,Abel,212-555-0204
666254000000,Kim,Abercrombie,612-555-0117
668528000000,Humberto,Acevedo,849-555-0156
670803000000,Pilar,Ackerman,122-555-0206
673077000000,Frances,Adams,181-555-0173
675352000000,Margaret,Smith,815-555-0155
677626000000,Carla,Adams,185-555-0203
679901000000,Jay,Adams,330-555-2585
682176000000,Ronald,Adina,719-555-0198
684450000000,Samuel,Agcaoili,168-555-0200
686725000000,James,Aguilar,473-555-0134
688999000000,Robert,Ahlering,465-555-0173
691274000000,François,Ferrier,970-555-0155
693548000000,Kim,Akers,913-555-0189
695823000000,Lili,Alameda,150-555-0206
698097000000,Amy,Alberts,697-555-0160
700372000000,Anna,Albright,819-555-0193
702647000000,Milton,Albury,212-555-0205
704921000000,Paul,Alcorn,612-555-0118
707196000000,Gregory,Alderson,849-555-0157
709470000000,J. Phillip,Alexander,122-555-0207
711745000000,Michelle,Alexander,181-555-0174
714019000000,Sean,Jacobson,815-555-0156
716294000000,Phyllis,Allen,185-555-0204
718568000000,Marvin,Allen,330-555-2586
720843000000,Michael,Allen,719-555-0199
723118000000,Cecil,Allison,168-555-0201
725392000000,Oscar,Alpuerto,473-555-0135
727667000000,Sandra,Altamirano,465-555-0174
729941000000,Selena,Alvarado,970-555-0156
732216000000,Emilio,Alvaro,913-555-0190
734490000000,Maxwell,Amland,150-555-0207
736765000000,Mae,Anderson,697-555-0161
739039000000,Ramona,Antrim,819-555-0194
741314000000,Sabria,Appelbaum,212-555-0206
743589000000,Hannah,Arakawa,612-555-0119
745863000000,Kyley,Arbelaez,849-555-0158
748138000000,Tom,Johnston,122-555-0208
750412000000,Thomas,Armstrong,181-555-0175
752687000000,John,Arthur,815-555-0157
754961000000,Chris,Ashton,185-555-0205
757236000000,Teresa,Atkinson,330-555-2587
759510000000,John,Ault,719-555-0200
761785000000,Robert,Avalos,168-555-0202
764060000000,Stephen,Ayers,473-555-0136
766334000000,Phillip,Bacalzo,465-555-0175
768609000000,Daniel,Blanco,970-555-0157
770883000000,Cory,Booth,913-555-0191
773158000000,James,Bailey,150-555-0208
775432000000,Douglas,Baldwin,697-555-0162
777707000000,Jennifer,Bales,819-555-0195
779981000000,Alberto,Baltazar,212-555-0207
782256000000,Wayne,Banack,612-555-0120
784531000000,Darrell,Banks,849-555-0159
786805000000,Angela,Barbariol,122-555-0209
789080000000,David,Barber,181-555-0176
791354000000,Robert,Barker,815-555-0158
793629000000,Rebecca,Barley,185-555-0206
795903000000,Brenda,Barlow,330-555-2588
798178000000,Josh,Barnhill,719-555-0201
800452000000,Adam,Barr,168-555-0203
802727000000,Norma,Barrera,473-555-0137
805002000000,Gytis,Barzdukas,465-555-0176
807276000000,David,Bartness,970-555-0158
809551000000,Karel,Bates,913-555-0192
811825000000,Ciro,Bauer,150-555-0209
814100000000,Glenna,Beanston,697-555-0163
816374000000,Shaun,Beasley,819-555-0196
818649000000,John,Beaver,212-555-0208
820923000000,Christopher,Beck,612-555-0121
823198000000,Bradley,Beck,849-555-0160
825473000000,Benjamin,Becker,122-555-0210
827747000000,Ann,Beebe,181-555-0177
830022000000,Shane,Belli,815-555-0159
832296000000,Stanley,Alan,185-555-0207
834571000000,Mason,Bendixen,330-555-2589
836845000000,John,Bennetts,719-555-0202
839120000000,Ido,Ben-Sachar,168-555-0204
841394000000,Edna,Benson,473-555-0138
843669000000,Payton,Benson,465-555-0177
845944000000,Max,Benson,970-555-0159
848218000000,Scot,Bent,913-555-0193
850493000000,Richard,Bentley,150-555-0210
852767000000,Marian,Berch,697-555-0164
855042000000,Karen,Berge,819-555-0197
857316000000,Alexander,Berger,212-555-0209
859591000000,John,Berger,612-555-0122
861865000000,Kris,Bergin,849-555-0161
864140000000,Andreas,Berglund,122-555-0211
866415000000,Robert,Bernacchi,181-555-0178
868689000000,Matthias,Berndt,815-555-0160
870964000000,John,Berry,185-555-0208
873238000000,Steven,Brown,330-555-2590
875513000000,Chris,Bidelman,719-555-0203
877787000000,Mary,Billstrom,168-555-0205
880062000000,Jimmy,Bischoff,473-555-0139
882336000000,Mary,Bishop,465-555-0178
884611000000,Mae,Black,970-555-0160
886886000000,Jackie,Blackwell,913-555-0194
889160000000,Donald,Blanton,150-555-0211
891435000000,Linda,Burnett,697-555-0165
893709000000,Michael,Blythe,819-555-0198
895984000000,Gabriel,Bockenkamp,212-555-0210
898258000000,Michael,Bohling,612-555-0123
900533000000,Corinna,Bolender,849-555-0162
902807000000,Luis,Bonifaz,122-555-0212
905082000000,Randall,Boseman,181-555-0179
907357000000,Stephanie,Bourne,815-555-0161
909631000000,Eli,Bowen,185-555-0209
911906000000,Lester,Bowman,330-555-2591
914180000000,David,Bradley,719-555-0204
916455000000,Cornelius,Brandon,168-555-0206
918729000000,Richard,Bready,473-555-0140
921004000000,Sara,Breer,465-555-0179
923278000000,Ted,Bremer,970-555-0161
925553000000,Alan,Brewer,913-555-0195
927828000000,Walter,Brian,150-555-0212
930102000000,Christopher,Bright,697-555-0166
932377000000,Carol,Brink,819-555-0199
934651000000,David,Brink,212-555-0211
936926000000,John,Brooks,612-555-0124
939200000000,Willie,Brooks,849-555-0163
941475000000,Carolee,Brown,122-555-0213
943749000000,Jo,Brown,181-555-0180
946024000000,Robert,Brown,815-555-0162
948299000000,Kevin,Browne,185-555-0210
950573000000,Mary,Browning,330-555-2592
952848000000,Dave,Browning,719-555-0205
955122000000,Bridget,Browqett,168-555-0207
957397000000,Eric,Brumfield,473-555-0141
959671000000,Dick,Brummer,465-555-0180
961946000000,Michael,Brundage,970-555-0162
964220000000,Shirley,Bruner,913-555-0196
966495000000,June,Brunner,150-555-0213
968770000000,Dirk,Bruno,697-555-0167
971044000000,Nancy,Buchanan,819-555-0200
973319000000,Janaina Barreiro Gambaro,Bueno,212-555-0212
975593000000,Edward,Buensalido,612-555-0125
977868000000,Megan,Burke,849-555-0164
980142000000,Ingrid,Burkhardt,122-555-0214
982417000000,Karren,Burkhardt,181-555-0181
984691000000,Ovidiu,Burlacu,815-555-0163
986966000000,Dana,Burnell,185-555-0211
989241000000,Timothy,Burnett,330-555-2593
991515000000,Stephen,Burton,719-555-0206
993790000000,Deanna,Buskirk,168-555-0208
996064000000,Jared,Bustamante,473-555-0142
998339000000,Richard,Byham,465-555-0181
1000610000000,David,Byrnes,970-555-0163
1002890000000,Ryan,Calafato,913-555-0197
1005160000000,Sylvia,Caldwell,150-555-0214
1007440000000,Mari,Caldwell,697-555-0168
1009710000000,Barbara,Calone,819-555-0201
1011990000000,Lindsey,Camacho,212-555-0213
1014260000000,Gustavo,Camargo,612-555-0126
1016540000000,DeeDee,Cameron,849-555-0165
1018810000000,Deborah,Lee,122-555-0215
1021080000000,Joan,Campbell,181-555-0182
1023360000000,David,Campbell,815-555-0164
1025630000000,Henry,Campen,185-555-0212
1027910000000,Chris,Cannon,330-555-2594
1030180000000,Joseph,Cantoni,719-555-0207
1032460000000,Suzana De Abreu,Canuto,168-555-0209
1034730000000,Jun,Cao,473-555-0143
1037010000000,Johnny,Caprio,465-555-0182
1039280000000,Richard,Carey,970-555-0164
1041560000000,Carlton,Carlisle,913-555-0198
1043830000000,Ty Loren,Carlson,150-555-0215
1046100000000,Jane,Carmichael,697-555-0169
1048380000000,Jovita,Carmody,819-555-0202
1050650000000,Steve,Carnes,212-555-0214
1052930000000,Fernando,Caro,612-555-0127
1055200000000,Rob,Caron,849-555-0166
1057480000000,Andy,Carothers,122-555-0216
1059750000000,Donna,Carreras,181-555-0183
1062030000000,Rosmarie,Carroll,815-555-0165
1064300000000,Matthew,Carroll,185-555-0213
1066580000000,Joseph,Castellucio,330-555-2595
1068850000000,Pamela,Carlson,719-555-0208
1071120000000,Raul,Casts,168-555-0210
1073400000000,Elizabeth,Catalano,473-555-0144
1075670000000,Matthew,Cavallari,465-555-0183
1077950000000,Brigid,Cavendish,970-555-0165
1080220000000,Andrew,Cencini,913-555-0199
1082500000000,Stacey,Cereghino,150-555-0216
1084770000000,Baris,Cetinok,697-555-0170
1087050000000,Sean,Chai,819-555-0203
1089320000000,Pat,Chambers,212-555-0215
1091600000000,Forrest,Chandler,612-555-0128
1093870000000,Lee,Chapla,849-555-0167
1096140000000,Greg,Chapman,122-555-0217
1098420000000,Neil,Charney,181-555-0184
1100690000000,Hao,Chen,815-555-0166
1102970000000,John,Chen,185-555-0214
1105240000000,Pei,Chow,330-555-2596
1107520000000,Yao-Qiang,Cheng,719-555-0209
1109790000000,Nicky,Chesnut,168-555-0211
1112070000000,Susan,Chestnut,473-555-0145
1114340000000,Martin,Chisholm,465-555-0184
1116620000000,Mike,Choi,970-555-0166
1118890000000,Ruth,Choin,913-555-0200
1121160000000,Anthony,Chor,150-555-0217
1123440000000,Charles,Christensen,697-555-0171
1125710000000,Jill,Christie,819-555-0204
1127990000000,Alice,Clark,212-555-0216
1130260000000,Gina,Clark,612-555-0129
1132540000000,James,Clark,849-555-0168
1134810000000,Jane,Clayton,122-555-0218
1137090000000,Kristine,Cleary,181-555-0185
1139360000000,Teanna,Cobb,815-555-0167
1141640000000,Connie,Coffman,185-555-0215
1143910000000,Jeanette,Cole,330-555-2597
1146180000000,Eric,Coleman,719-555-0210
1148460000000,Pat,Coleman,168-555-0212
1150730000000,Takiko,Collins,473-555-0146
1153010000000,John,Colon,465-555-0185
1155280000000,Scott,Colvin,970-555-0167
1157560000000,Aaron,Con,913-555-0201
1159830000000,Peter,Connelly,150-555-0218
1162110000000,William,Conner,697-555-0172
1164380000000,Stephanie,Conroy,819-555-0205
1166660000000,Amy,Consentino,212-555-0217
1168930000000,Dorothy,Contreras,612-555-0130
1171210000000,Patrick,Cook,849-555-0169
1173480000000,Scott,Cooper,122-555-0219
1175750000000,Eva,Corets,181-555-0186
1178030000000,Marlin,Coriell,815-555-0168
1180300000000,Ryan,Cornelsen,185-555-0216
1182580000000,Bruno,Costa Da Silva,330-555-2598
1184850000000,Pamela,Cox,719-555-0211
1187130000000,Jack,Creasey,168-555-0213
1189400000000,Sharon,Crow,473-555-0147
1191680000000,Shelley,Crow,465-555-0186
1193950000000,Grant,Culbertson,970-555-0168
1196230000000,Scott,Culp,913-555-0202
1198500000000,Conor,Cunningham,150-555-0219
1200770000000,Jose,Curry,697-555-0173
1203050000000,Thierry,D'Hers,819-555-0206
1205320000000,Ryan,Danner,212-555-0218
1207600000000,Mike,Danseglio,612-555-0131
1209870000000,Megan,Davis,849-555-0170
1212150000000,Alvaro,De Matos Miranda Filho,122-555-0220
1214420000000,Jose,De Oliveira,181-555-0187
1216700000000,Jacob,Dean,815-555-0169
1218970000000,Alexander,Deborde,185-555-0217
1221250000000,Barbara,Decker,330-555-2599
1223520000000,Kirk,DeGrasse,719-555-0212
1225790000000,Aidan,Delaney,168-555-0214
1228070000000,Stefan,Delmarco,473-555-0148
1230340000000,Shawn,Demicell,465-555-0187
1232620000000,Della,Demott Jr,970-555-0169
1234890000000,Bruno,Deniut,913-555-0203
1237170000000,Helen,Dennis,150-555-0220
1239440000000,Prashanth,Desai,697-555-0174
1241720000000,Bev,Desalvo,819-555-0207
1243990000000,Brenda,Diaz,212-555-0219
1246270000000,Gabriele,Dickmann,612-555-0132
1248540000000,Holly,Dickson,849-555-0171
1250810000000,Dick,Dievendorff,122-555-0221
1253090000000,Rudolph,Dillon,181-555-0188
1255360000000,Andrew,Dixon,815-555-0170
1257640000000,Blaine,Dockter,185-555-0218
1259910000000,Cindy,Dodd,330-555-2600
1262190000000,John,Donovan,719-555-0213
1264460000000,Patricia,Doyle,168-555-0215
1266740000000,Gerald,Drury,473-555-0149
1269010000000,Gary,Drury,465-555-0188
1271290000000,Reuben,D'sa,970-555-0170
1273560000000,Ed,Dudenhoefer,913-555-0204
1275830000000,Bernard,Duerr,150-555-0221
1278110000000,Tish,Duff,697-555-0175
1280380000000,Adrian,Dumitrascu,819-555-0208
1282660000000,Bart,Duncan,212-555-0220
1284930000000,Maciej,Dusza,612-555-0133
1287210000000,Shelley,Dyck,849-555-0172
1289480000000,Linda,Ecoffey,122-555-0222
1291760000000,Carla,Eldridge,181-555-0189
1294030000000,Carol,Elliott,815-555-0171
1296310000000,Shannon,Elliott,185-555-0219
1298580000000,Jauna,Elson,330-555-2601
1300850000000,Michael,Emanuel,719-555-0214
1303130000000,Terry,Eminhizer,168-555-0216
1305400000000,John,Emory,473-555-0150
1307680000000,Gail,Erickson,465-555-0189
1309950000000,Mark,Erickson,970-555-0171
1312230000000,Martha,Espinoza,913-555-0205
1314500000000,Julie,Estes,150-555-0222
1316780000000,Janeth,Esteves,697-555-0176
1319050000000,Twanna,Evans,819-555-0209
1321330000000,Ann,Evans,212-555-0221
1323600000000,John,Evans,612-555-0134
1325870000000,Marc,Faeber,849-555-0173
1328150000000,Fadi,Fakhouri,122-555-0223
1330420000000,Carolyn,Farino,181-555-0190
1332700000000,Geri,Farrell,815-555-0172
1334970000000,Hanying,Feng,185-555-0220
1337250000000,Rhoda,Finley,330-555-2602
1339520000000,Duane,Fitzgerald,719-555-0215
1341800000000,James,Fine,168-555-0217
1344070000000,Kathie,Flood,473-555-0151
1346350000000,Jay,Fluegel,465-555-0190
1348620000000,Kelly,Focht,970-555-0172
1350890000000,Jeffrey,Ford,913-555-0206
1353170000000,Garth,Fort,150-555-0223
1355440000000,Dorothy,Fox,697-555-0177
1357720000000,Judith,Frazier,819-555-0210
1359990000000,John,Fredericksen,212-555-0222
1362270000000,Susan,French,612-555-0135
1364540000000,Liam,Friedland,849-555-0174
1366820000000,Mihail,Frintu,122-555-0224
1369090000000,John,Ford,181-555-0191
1371370000000,Paul,Fulton,815-555-0173
1373640000000,Don,Funk,185-555-0221
1375920000000,Bob,Gage,330-555-2603
1378190000000,Aldeen,Gallagher,719-555-0216
1380460000000,Michael,Galos,168-555-0218
1382740000000,Jon,Ganio,473-555-0152
1385010000000,Kathleen,Garza,465-555-0191
1387290000000,Dominic,Gash,970-555-0173
1389560000000,Janet,Gates,913-555-0207
1391840000000,Orlando,Gee,150-555-0224
1394110000000,Darren,Gehring,697-555-0178
1396390000000,Jim,Geist,819-555-0211
1398660000000,Barbara,German,212-555-0223
1400940000000,Tom,Getzinger,612-555-0136
1403210000000,Leo,Giakoumakis,849-555-0175
1405480000000,Cornett,Gibbens,122-555-0225
1407760000000,Frances,Giglio,181-555-0192
1410030000000,Guy,Gilbert,815-555-0174
1412310000000,Janet,Gilliat,185-555-0222
1414580000000,Mary,Gimmi,330-555-2604
1416860000000,David,Givens,719-555-0217
1419130000000,Jeanie,Glenn,168-555-0219
1421410000000,Diane,Glimp,473-555-0153
1423680000000,James,Glynn,465-555-0192
1425960000000,Scott,Gode,970-555-0174
1428230000000,Mete,Goktepe,913-555-0208
1430500000000,Jossef,Goldberg,150-555-0225
1432780000000,Brian,Goldstein,697-555-0179
1435050000000,Lynn,Gonzales,819-555-0212
1437330000000,Linda,Gonzales,212-555-0224
1439600000000,Abigail,Gonzalez,612-555-0137
1441880000000,Michael,Graff,849-555-0176
1444150000000,Derek,Graham,122-555-0226
1446430000000,Lowell,Graham,181-555-0193
1448700000000,Jon,Grande,815-555-0175
1450980000000,Jane,Greer,185-555-0223
1453250000000,Geoff,Grisso,330-555-2605
1455520000000,Douglas,Groncki,719-555-0218
1457800000000,Brian,Groth,168-555-0220
1460070000000,Faith,Gustafson,473-555-0154
1462350000000,Greg,Harrison,465-555-0193
1464620000000,Hattie,Haemon,970-555-0175
1466900000000,Matthew,Hagemann,913-555-0209
1469170000000,Erin,Hagens,150-555-0226
1471450000000,Betty,Haines,697-555-0180
1473720000000,Karen,Hall,819-555-0213
1476000000000,Don,Hall,212-555-0225
1478270000000,Bryan,Hamilton,612-555-0138
1480540000000,James,Hamilton,849-555-0177
1482820000000,Kerim,Hanif,122-555-0227
1485090000000,Jean,Handley,181-555-0194
1487370000000,Mark,Hanson,815-555-0176
1489640000000,William,Hapke,185-555-0224
1491920000000,Katherine,Harding,330-555-2606
1494190000000,Kimberly,Harrington,719-555-0219
1496470000000,Lucy,Harrington,168-555-0221
1498740000000,Keith,Harris,473-555-0155
1501020000000,Doris,Hartwig,465-555-0194
1503290000000,Roger,Harui,970-555-0176
1505560000000,Ann,Hass,913-555-0210
1507840000000,Mark,Hassall,150-555-0227
1510110000000,Neal,Hasty,697-555-0181
1512390000000,James,Haugh,819-555-0214
1514660000000,Jeff,Hay,212-555-0226
1516940000000,Brenda,Heaney,612-555-0139
1519210000000,James,Hendergart,849-555-0178
1521490000000,John,Hanson,122-555-0228
1523760000000,Valerie,Hendricks,181-555-0195
1526040000000,Jay,Henningsen,815-555-0177
1528310000000,Jeff,Henshaw,185-555-0225
1530580000000,Kari,Hensien,330-555-2607
1532860000000,Deena,Herman,719-555-0220
1535130000000,Irene,Hernandez,168-555-0222
1537410000000,Jésus,Hernandez,473-555-0156
1539680000000,Pam,Herrick,465-555-0195
1541960000000,Cheryl,Herring,970-555-0177
1544230000000,Ronald,Heymsfield,913-555-0211
1546510000000,Sidney,Higa,150-555-0228
1548780000000,Onetha,Higgs,697-555-0182
1551060000000,Fran,Highfill,819-555-0215
1553330000000,Geneva,Hill,212-555-0227
1555600000000,Andrew,Hill,612-555-0140
1557880000000,Reinout,Hillmann,849-555-0179
1560150000000,Mike,Hines,122-555-0229
1562430000000,Matthew,Hink,181-555-0196
1564700000000,Nancy,Hirota,815-555-0178
1566980000000,Rose,Hirsch,185-555-0226
1569250000000,Douglas,Hite,330-555-2608
1571530000000,David,Hodgson,719-555-0221
1573800000000,Helge,Hoeing,168-555-0223
1576080000000,Barbara,Hoffman,473-555-0157
1578350000000,Holly,Holt,465-555-0196
1580630000000,Bob,Hodges,970-555-0178
1582900000000,Jean,Holloway,913-555-0212
1585170000000,Michael,Holm,150-555-0229
1587450000000,Eddie,Holmes,697-555-0183
1589720000000,Juanita,Holman,819-555-0216
1592000000000,Peter,Houston,212-555-0228
1594270000000,Curtis,Howard,612-555-0141
1596550000000,Joe,Howard,849-555-0180
1598820000000,Janice,Hows,122-555-0230
1601100000000,George,Huckaby,181-555-0197
1603370000000,Joshua,Huff,815-555-0179
1605650000000,Arlene,Huff,185-555-0227
1607920000000,Matthew,Hunter,330-555-2609
1610190000000,Phyllis,Huntsman,719-555-0222
1612470000000,Lawrence,Hurkett,168-555-0224
1614740000000,Ryan,Ihrig,473-555-0158
1617020000000,Beth,Inghram,465-555-0197
1619290000000,Lucio,Iallo,970-555-0179
1621570000000,Richard,Irwin,913-555-0213
1623840000000,Erik,Ismert,150-555-0230
1626120000000,Denean,Ison,697-555-0184
1628390000000,Raman,Iyer,819-555-0217
1630670000000,Bronson,Jacobs,212-555-0229
1632940000000,Eric,Jacobsen,612-555-0142
1635210000000,Jodan,Jacobson,849-555-0181
1637490000000,Mary,Alexander,122-555-0231
1639760000000,David,Jaffe,181-555-0198
1642040000000,Jay,Jamison,815-555-0180
1644310000000,Vance,Johns,185-555-0228
1646590000000,Joyce,Jarvis,330-555-2610
1648860000000,George,Jiang,719-555-0223
1651140000000,Stephen,Jiang,168-555-0225
1653410000000,Samuel,Johnson,473-555-0159
1655690000000,Danielle,Johnson,465-555-0198
1657960000000,Greg,Johnson,970-555-0180
1660230000000,Barry,Johnson,913-555-0214
1662510000000,Brian,Johnson,150-555-0231
1664780000000,David,Johnson,697-555-0185
1667060000000,Willis,Johnson,819-555-0218
1669330000000,Tamara,Johnston,212-555-0230
1671610000000,Robert,Jones,612-555-0143
1673880000000,Brannon,Jones,849-555-0182
1676160000000,Jean,Jordan,122-555-0232
1678430000000,Peggy,Justice,181-555-0199
1680710000000,Diane,Krane,815-555-0181
1682980000000,Scott,Kaffer,185-555-0229
1685250000000,Sandra,Kitt,330-555-2611
1687530000000,Wendy,Kahn,719-555-0224
1689800000000,Sandeep,Kaliyath,168-555-0226
1692080000000,John,Kane,473-555-0160
1694350000000,Lori,Kane,465-555-0199
1696630000000,Judith,Krane,970-555-0181
1698900000000,Kay,Krane,913-555-0215
1701180000000,Sandeep,Katyal,150-555-0232
1703450000000,Bonnie,Kearney,697-555-0186
1705730000000,Kendall,Keil,819-555-0219
1708000000000,Victor,Kelley,212-555-0231
1710270000000,John,Kelly,612-555-0144
1712550000000,Robert,Kelly,849-555-0183
1714820000000,Kevin,Kennedy,122-555-0233
1717100000000,Mary,Kesslep,181-555-0200
1719370000000,Alice,Kesterson,815-555-0182
1721650000000,Elizabeth,Keyser,185-555-0230
1723920000000,Tammy,Khan,330-555-2612
1726200000000,Imtiaz,Khan,719-555-0225
1728470000000,Karan,Khanna,168-555-0227
1730750000000,Joe,Kim,473-555-0161
1733020000000,Jim,Kim,465-555-0200
1735290000000,Shane,Kim,970-555-0182
1737570000000,Tim,Kim,913-555-0216
1739840000000,Russell,King,150-555-0233
1742120000000,Anton,Kirilov,697-555-0187
1744390000000,Christian,Kleinerman,819-555-0220
1746670000000,Andrew,Kobylinski,212-555-0232
1748940000000,Reed,Koch,612-555-0145
1751220000000,Jim,Kennedy,849-555-0184
1753490000000,Kirk,King,122-555-0234
1755770000000,Eugene,Kogan,181-555-0201
1758040000000,Scott,Konersmann,815-555-0183
1760310000000,Joy,Koski,185-555-0231
1762590000000,Pamala,Kotc,330-555-2613
1764860000000,Edward,Kozlowski,719-555-0226
1767140000000,James,Kramer,168-555-0228
1769410000000,Mitch,Kennedy,473-555-0162
1771690000000,James,Krow,465-555-0201
1773960000000,Margaret,Krupka,970-555-0183
1776240000000,Deepak,Kumar,913-555-0217
1778510000000,Jeffrey,Kung,150-555-0234
1780790000000,Vamsi,Kuppa,697-555-0188
1783060000000,Jeffrey,Kurtz,819-555-0221
1785340000000,Peter,Kurniawan,212-555-0233
1787610000000,Eric,Lang,612-555-0146
1789880000000,Rebecca,Laszlo,849-555-0185
1792160000000,Cecilia,Laursen,122-555-0235
1794430000000,David,Lawrence,181-555-0202
1796710000000,Elsa,Leavitt,815-555-0184
1798980000000,Michael,Lee,185-555-0232
1801260000000,Marjorie,Lee,330-555-2614
1803530000000,Frank,Campbell,719-555-0227
1805810000000,Mark,Lee,168-555-0229
1808080000000,Robertson,Lee,473-555-0163
1810360000000,Jolie,Lenehan,465-555-0202
1812630000000,Roger,Lengel,970-555-0184
1814900000000,A.,Leonetti,913-555-0218
1817180000000,Bonnie,Lepro,150-555-0235
1819450000000,Gloria,Lesko,697-555-0189
1821730000000,Linda,Leste,819-555-0222
1824000000000,Steven,Levy,212-555-0234
1826280000000,Judy,Lew,612-555-0147
1828550000000,Elsie,Lewin,849-555-0186
1830830000000,George,Li,122-555-0236
1833100000000,Yale,Li,181-555-0203
1835380000000,Yan,Li,815-555-0185
1837650000000,Yuhong,Li,185-555-0233
1839920000000,Joseph,Lique,330-555-2615
1842200000000,Paulo,Lisboa,719-555-0228
1844470000000,David,Liu,168-555-0230
1846750000000,Jinghao,Liu,473-555-0164
1849020000000,Kevin,Liu,465-555-0203
1851300000000,Run,Liu,970-555-0185
1853570000000,Todd,Logan,913-555-0219
1855850000000,Kok-Ho,Loh,150-555-0236
1858120000000,John,Long,697-555-0190
1860400000000,Sharon,Looney,819-555-0223
1862670000000,Jeremy,Los,212-555-0235
1864940000000,Spencer,Low,612-555-0148
1867220000000,Anita,Lucerne,849-555-0187
1869490000000,Jose,Lugo,122-555-0237
1871770000000,Richard,Lum,181-555-0204
1874040000000,Judy,Lundahl,815-555-0186
1876320000000,Sean,Lunt,185-555-0234
1878590000000,Helen,Lutes,330-555-2616
1880870000000,Robert,Lyeba,719-555-0229
1883140000000,Sharon,Lynn,168-555-0231
1885420000000,Robert,Lyon,473-555-0165
1887690000000,Jenny,Lysaker,465-555-0204
1889960000000,Denise,Maccietto,970-555-0186
1892240000000,Scott,MacDonald,913-555-0220
1894510000000,Walter,Mays,150-555-0237
1896790000000,Patrick,Magenheimer,697-555-0191
1899060000000,Kimberly,Malmendier,819-555-0224
1901340000000,Ajay,Manchepalli,212-555-0236
1903610000000,Parul,Manek,612-555-0149
1905890000000,Tomas,Manzanares,849-555-0188
1908160000000,Kathy,Marcovecchio,122-555-0238
1910440000000,Jill,Markwood,181-555-0205
1912710000000,Melissa,Marple,815-555-0187
1914980000000,Cecelia,Marshall,185-555-0235
1917260000000,Benjamin,Martin,330-555-2617
1919530000000,Linda,Martin,719-555-0230
1921810000000,Mindy,Martin,168-555-0232
1924080000000,Sandra,Martinez,473-555-0166
1926360000000,Frank,Mart¡nez,465-555-0205
1928630000000,Steve,Masters,970-555-0187
1930910000000,Joseph,Matthews,913-555-0221
1933180000000,Jennifer,Maxham,150-555-0238
1935460000000,Chris,Maxwell,697-555-0192
1937730000000,Sandra,Maynard,819-555-0225
1940000000000,John,McClane,212-555-0237
1942280000000,Robin,McGuigan,612-555-0150
1944550000000,Stacie,Mcanich,849-555-0189
1946830000000,Katie,McAskill-White,122-555-0239
1949100000000,Lola,McCarthy,181-555-0206
1951380000000,Jane,McCarty,815-555-0188
1953650000000,Nikki,McCormick,185-555-0236
1955930000000,James,McCoy,330-555-2618
1958200000000,Christinia,McDonald,719-555-0231
1960480000000,Alejandro,McGuel,168-555-0233
1962750000000,Yvonne,McKay,473-555-0167
1965020000000,Nkenge,McLin,465-555-0206
1967300000000,Nancy,McPhearson,970-555-0188
1969570000000,Nellie,Medina,913-555-0222
1971850000000,Raquel,Mello,150-555-0239
1974120000000,Gladys,Mendiola,697-555-0193
1976400000000,R. Morgan,Mendoza,819-555-0226
1978670000000,Tosh,Meston,212-555-0238
1980950000000,Susan,Metters,612-555-0151
1983220000000,Stephen,Mew,849-555-0190
1985500000000,Eric,Meyer,122-555-0240
1987770000000,Helen,Meyer,181-555-0207
1990050000000,Deanna,Meyer,815-555-0189
1992320000000,Gary,Meyerhoff,185-555-0237
1994590000000,Ramesh,Meyyappan,330-555-2619
1996870000000,Thomas,Michaels,719-555-0232
1999140000000,Jan,Miksovsky,168-555-0234
2001420000000,Virginia,Miller,473-555-0168
2003690000000,Matthew,Miller,465-555-0207
2005970000000,Emilo,Miller,970-555-0189
2008240000000,Ben,Miller,913-555-0223
2010520000000,Dylan,Miller,150-555-0240
2012790000000,Frank,Miller,697-555-0194
2015070000000,Neva,Mitchell,819-555-0227
2017340000000,Linda,Mitchell,212-555-0239
2019610000000,Scott,Mitchell,612-555-0152
2021890000000,Robert,Mitosinka,849-555-0191
2024160000000,Joseph,Mitzner,122-555-0241
2026440000000,Paula,Moberly,181-555-0208
2028710000000,Suchitra,Mohan,815-555-0190
2030990000000,Jonathan,Moeller,185-555-0238
2033260000000,William,Monroe,330-555-2620
2035540000000,Alan,Monitor,719-555-0233
2037810000000,Hillaine,Montera,168-555-0235
2040090000000,Bobby,Moore,473-555-0169
2042360000000,Barbara,Moreland,465-555-0208
2044630000000,Jon,Morris,970-555-0190
2046910000000,Julia,Moseley,913-555-0224
2049180000000,Marie,Moya,150-555-0241
2051460000000,Zheng,Mu,697-555-0195
2053730000000,Salman,Mughal,819-555-0228
2056010000000,Albert,Mungin,212-555-0240
2058280000000,Stuart,Munson,612-555-0153
2060560000000,Billie Jo,Murray,849-555-0192
2062830000000,Dorothy,Myer,122-555-0242
2065110000000,Ken,Myer,181-555-0209
2067380000000,Suzanne,Nelson,815-555-0191
2069650000000,Mandar,Naik,185-555-0239
2071930000000,Greg,Mohamed,330-555-2621
2074200000000,Mike,Nash,719-555-0234
2076480000000,Lorraine,Nay,168-555-0236
2078750000000,Alex,Nayberg,473-555-0170
2081030000000,Jan,Nelsen,465-555-0209
2083300000000,Amir,Netz,970-555-0191
2085580000000,Donals,Nilson,913-555-0225
2087850000000,Toby,Nixon,150-555-0242
2090130000000,Laura,Norman,697-555-0196
2092400000000,Fred,Northup,819-555-0229
2094670000000,Michael,O'Connell,212-555-0241
2096950000000,Tim,O'Brien,612-555-0154
2099220000000,Tina,O'Dell,849-555-0193
2101500000000,Robert,O'Hara,122-555-0243
2103770000000,Nino,Olivotto,181-555-0210
2106050000000,Lee,Olguin,815-555-0192
2108320000000,Tad,Orman,185-555-0240
2110600000000,Gloria,Orona,330-555-2622
2112870000000,Fred,Ortiz,719-555-0235
2115150000000,John,Ortiz,168-555-0237
2117420000000,David,Ortiz,473-555-0171
2119690000000,Michiko,Osada,465-555-0210
2121970000000,Stu,Osborn,970-555-0192
2124240000000,Scott,Oveson,913-555-0226
2126520000000,Lori,Oviatt,150-555-0243
2128790000000,Jyothi,Pai,697-555-0197
2131070000000,Cristian,Osorio,819-555-0230
2133340000000,Mosha,Park,212-555-0242
2135620000000,Rajesh,Patel,612-555-0155
2137890000000,Shyamalan,Pather,849-555-0194
2140170000000,Michael,Patten,122-555-0244
2142440000000,Trish,Pederson,181-555-0211
2144710000000,Frank,Pellow,815-555-0193
2146990000000,Lionel,Penuchot,185-555-0241
2149260000000,Elizabeth,Peoples,330-555-2623
2151540000000,John,Peoples,719-555-0236
2153810000000,Jonathan,Perera,168-555-0238
2156090000000,Tina,Perko,473-555-0172
2158360000000,James,Peters,465-555-0211
2160640000000,Glin,Peterson,970-555-0193
2162910000000,Sara,Pettengill,913-555-0227
2165190000000,Carol,Philips,150-555-0244
2167460000000,Patricia,Porter,697-555-0198
2169730000000,Pat,Pinkston,819-555-0231
2172010000000,Paulo,Pinto,212-555-0243
2174280000000,Deborah,Poe,612-555-0156
2176560000000,Grigory,Pogulsky,849-555-0195
2178830000000,Carole,Poland,122-555-0245
2181110000000,Cheryl,Pompa,181-555-0212
2183380000000,Alma,Poorbaugh,815-555-0194
2185660000000,Ethel,Porter,185-555-0242
2187930000000,Constance,Posner,330-555-2624
2190210000000,Josh,Pollock,719-555-0237
2192480000000,Betty,Potts,168-555-0239
2194760000000,Fred,Preston,473-555-0173
2197030000000,Jeff,Price,465-555-0212
2199300000000,Milton,Pugh,970-555-0194
2201580000000,Sean,Purcell,913-555-0228
2203850000000,Monica,Quintana,150-555-0245
2206130000000,Mary Lou,Quintana,697-555-0199
2208400000000,Kim,Ralls,819-555-0232
2210680000000,Susan,Ramos,212-555-0244
2212950000000,Cynthia,Randall,612-555-0157
2215230000000,Arvind,Rao,849-555-0196
2217500000000,Simon,Rapier,122-555-0246
2219780000000,Michael,Ray,181-555-0213
2222050000000,Suzann,Reams,815-555-0195
2224320000000,Michelle,Rector,185-555-0243
2226600000000,Jamie,Reding,330-555-2625
2228870000000,Russell,Reed,719-555-0238
2231150000000,Celine,Reed,168-555-0240
2233420000000,Randy,Reeves,473-555-0174
2235700000000,Enoch,Remick,465-555-0213
2237970000000,Eric,Rhodes,970-555-0195
2240250000000,Adam,Reynolds,913-555-0229
2242520000000,Constance,Remmington,150-555-0246
2244800000000,Albert,Rhodes,697-555-0200
2247070000000,Dave,Richards,819-555-0233
2249340000000,Jack,Richins,212-555-0245
2251620000000,Marie,Richmeier,612-555-0158
2253890000000,William,Richter,849-555-0197
2256170000000,Thomas,Richards,122-555-0247
2258440000000,Stacy,Rizzi,181-555-0214
2260720000000,Leota,Roberts,815-555-0196
2262990000000,David,Robinett,185-555-0244
2265270000000,Rebecca,Robinson,330-555-2626
2267540000000,Dorothy,Robinson,719-555-0239
2269820000000,Carol Ann,Rockne,168-555-0241
2272090000000,Scott,Rodgers,473-555-0175
2274360000000,Jim,Rodman,465-555-0214
