Nro,Fecha_solicitud,domicilio,CC,Id_Empleado
1,03/12/2013,1,4244515145,14
2,10/01/2012,1,1118772843,7
3,16/02/2011,1,6627647809,8
4,25/03/2013,0,9990075740,5
5,03/12/2013,0,11181642072,8
6,10/01/2012,0,13456197747,1
7,16/02/2011,1,15730753422,9
8,25/03/2013,1,18005309097,2
9,03/12/2013,0,20279864772,11
10,10/01/2012,1,22554420448,13
11,16/02/2011,1,24828976123,17
12,25/03/2013,1,27103531798,5
13,03/12/2013,1,29378087473,5
14,10/01/2012,1,31652643148,11
15,16/02/2011,1,33927198823,8
16,25/03/2013,1,36201754498,8
17,03/12/2013,1,38476310173,17
18,10/01/2012,1,40750865848,10
19,16/02/2011,1,43025421523,8
20,25/03/2013,1,45299977199,18
21,03/12/2013,1,47574532874,5
22,10/01/2012,1,49849088549,17
23,16/02/2011,0,52123644224,9
24,25/03/2013,1,54398199899,9
25,03/12/2013,1,56672755574,18
26,10/01/2012,1,58947311249,12
27,16/02/2011,0,61221866924,13
28,25/03/2013,0,63496422599,8
29,03/12/2013,0,65770978274,14
30,10/01/2012,1,68045533950,9
31,16/02/2011,0,70320089625,5
32,25/03/2013,1,72594645300,3
33,03/12/2013,0,74869200975,11
34,10/01/2012,0,77143756650,3
35,16/02/2011,0,79418312325,18
36,25/03/2013,1,81692868000,9
37,03/12/2013,1,83967423675,2
38,10/01/2012,0,86241979350,7
39,16/02/2011,1,88516535025,15
40,25/03/2013,0,90791090701,7
41,03/12/2013,1,93065646376,5
42,10/01/2012,1,95340202051,2
43,16/02/2011,1,97614757726,12
44,25/03/2013,1,99889313401,8
45,03/12/2013,1,102164000000,13
46,10/01/2012,1,104438000000,5
47,16/02/2011,1,106713000000,7
48,25/03/2013,0,108988000000,12
49,03/12/2013,1,111262000000,7
50,10/01/2012,1,113537000000,11
51,16/02/2011,1,115811000000,1
52,25/03/2013,0,118086000000,9
53,03/12/2013,1,120360000000,11
54,10/01/2012,1,122635000000,18
55,16/02/2011,0,124909000000,2
56,25/03/2013,0,127184000000,2
57,03/12/2013,0,129459000000,1
58,10/01/2012,0,131733000000,16
59,16/02/2011,1,134008000000,18
60,25/03/2013,1,136282000000,7
61,03/12/2013,0,138557000000,3
62,10/01/2012,0,140831000000,13
63,16/02/2011,1,143106000000,14
64,25/03/2013,1,145380000000,4
65,03/12/2013,1,147655000000,15
66,10/01/2012,0,149930000000,14
67,16/02/2011,1,152204000000,8
68,25/03/2013,1,154479000000,2
69,03/12/2013,0,156753000000,16
70,10/01/2012,0,159028000000,14
71,16/02/2011,1,161302000000,7
72,25/03/2013,0,163577000000,5
73,03/12/2013,0,165851000000,15
74,10/01/2012,1,168126000000,12
75,16/02/2011,1,170401000000,13
76,25/03/2013,0,172675000000,18
77,03/12/2013,1,174950000000,11
78,10/01/2012,1,177224000000,3
79,16/02/2011,0,179499000000,13
80,25/03/2013,0,181773000000,2
81,03/12/2013,0,184048000000,13
82,10/01/2012,0,186322000000,8
83,16/02/2011,0,188597000000,12
84,25/03/2013,1,190872000000,12
85,03/12/2013,1,193146000000,10
86,10/01/2012,0,195421000000,8
87,16/02/2011,1,197695000000,2
88,25/03/2013,1,199970000000,18
89,03/12/2013,1,202244000000,18
90,10/01/2012,0,204519000000,16
91,16/02/2011,0,206793000000,2
92,25/03/2013,0,209068000000,3
93,03/12/2013,1,211343000000,13
94,10/01/2012,1,213617000000,10
95,16/02/2011,0,215892000000,9
96,25/03/2013,1,218166000000,11
97,03/12/2013,1,220441000000,1
98,10/01/2012,1,222715000000,8
99,16/02/2011,1,224990000000,4
100,25/03/2013,1,227264000000,3
101,03/12/2013,1,229539000000,17
102,10/01/2012,1,231814000000,4
103,16/02/2011,1,234088000000,8
104,25/03/2013,0,236363000000,17
105,03/12/2013,0,238637000000,2
106,10/01/2012,0,240912000000,1
107,16/02/2011,1,243186000000,6
108,25/03/2013,1,245461000000,13
109,03/12/2013,0,247735000000,15
110,10/01/2012,1,250010000000,13
111,16/02/2011,1,252285000000,9
112,25/03/2013,1,254559000000,9
113,03/12/2013,1,4244515145,9
114,10/01/2012,1,1118772843,9
115,16/02/2011,1,6627647809,9
116,25/03/2013,1,9990075740,9
117,03/12/2013,1,11181642072,9
118,10/01/2012,1,13456197747,9
119,16/02/2011,1,15730753422,9
120,25/03/2013,1,18005309097,9
121,03/12/2013,1,20279864772,9
122,10/01/2012,1,22554420448,9
123,16/02/2011,0,24828976123,9
124,25/03/2013,1,27103531798,9
125,03/12/2013,1,29378087473,9
126,10/01/2012,1,31652643148,9
127,16/02/2011,0,33927198823,9
128,25/03/2013,0,36201754498,9
129,03/12/2013,0,38476310173,9
130,10/01/2012,1,40750865848,9
131,16/02/2011,0,43025421523,9
132,25/03/2013,1,45299977199,9
133,03/12/2013,0,47574532874,9
134,10/01/2012,0,40750865848,9
135,16/02/2011,0,43025421523,9
136,25/03/2013,1,45299977199,9
137,03/12/2013,1,47574532874,9
